"Slug","Title","Meta Title","Description","Meta Description","NoIndex","Thumbnail","Thumbnail:alt","Icon","Icon:alt","Action","Use Case","Hero CTA Text","Role 1","Role 2","Role 3","Explanation Title","problem__title__1","problem__title__2","problem__one__title","problem__two__title","problem__three__title","problem__one__image","problem__one__image:alt","problem__two__image","problem__two__image:alt","problem__three__image","problem__three__image:alt","solution_title_1","solution_title_2","solution__one__image","solution__one__image:alt","solution__one__title","solution__one__sub_copy","solution__two__image","solution__two__image:alt","solution__two__title","solution__two__sub_copy","solution__three__image","solution__three__image:alt","solution__three__title","solution__three__sub_copy","feature_text_1","feature_text_2","Hidden","FAQ__1__question","FAQ__1__answer","FAQ__2__question","FAQ__2__answer","FAQ__3__question","FAQ__3__answer","testimonial__1__name","testimonial__1__role","testimonial__1__company","testimonial__1__title","testimonial__1__sub_copy","testimonial__1__image","testimonial__1__image:alt","testimonial__2__name","testimonial__2__role","testimonial__2__company","testimonial__2__title","testimonial__2__sub_copy","testimonial__2__image","testimonial__2__image:alt","testimonial__3__name","testimonial__3__role","testimonial__3__company","testimonial__3__title","testimonial__3__sub_copy","testimonial__3__image","testimonial__3__image:alt"," Footer CTA Title","Persona Desktop Font","Persona Mobile Font"
"uat-qa-testing","Launch flawlessly with better QA.","Launch flawlessly with better QA.","Leave instant and on-site feedback during QA and UAT, so your team can resolve issues faster.
","Leave instant and on-site feedback during QA and UAT, so your team can resolve issues faster.
","index","https://framerusercontent.com/images/x2s2DlJSYApS41VqsN2lCXNKo.png","UAT & QA Preview Image","https://framerusercontent.com/images/D3aCO3EGrAqUJm0jdB6I76zcZLE.svg","UAT & QA Testing with Superflow","fasten UAT & QA testing ","UAT & QA testing","Experience testing with Superflow","QA Analyst","Bug Tester","Web Developer","Superflow helps speed up your UAT & QA testing process","Scattered feedback","slowing you down?","Tracking feedback across multiple channels is a mess.","It's time-consuming to replicate issues found by QA teams.","Communication between developers and testers can be unclear.","https://framerusercontent.com/images/Gl5JWl8HbVLaDgdP2Wz6Diy3N8.png","Problem 1","https://framerusercontent.com/images/p8Y47dUyys5N150S4ZTeKYSzvCQ.png","Problem 2","https://framerusercontent.com/images/ClL1cXOfAY6Jbi8n9M5Afowg4CM.png","Problem 3","Enhance QA and UAT with specific,"," in-context feedback for your web app.","https://framerusercontent.com/images/eIopBOtS0IqdXt2DNquIklEOY.png","area comment with Superflow for uat and qa testing","Add comments directly on your app.","Spot and resolve issues quickly with direct, in-line commenting on live web apps.","https://framerusercontent.com/images/T9MZHui0wwFD1t19rdatBEIjIUs.png","Integrated task management for uat and qa testing","Smarter tools to get rid of bugs.","Catch and fix bugs easily using integrated screen and voice recording features
","https://framerusercontent.com/images/TaREaXHrmo3i8kupB5vNXk9wP20.png","Mobile comment","Test on any device.","Guarantee great user experience by testing on all mobile devices and browsers.","Save 100 hours a month","managing and documenting testing feedback","false","What is UAT feedback?","User Acceptance Testing (UAT) feedback consists of the reviews you get on your web application after it's been put through UAT and QA testing by your QA team or designated testers. This can occur at different stages of the development cycle, whether it's staging or production, and it's crucial to have a well-defined feedback process in place. Many QA teams opt for website feedback tools like Superflow to streamline their feedback loops.","How do I ask for UAT feedback?","If you or your team are in the QA or UAT testing phase, it's crucial to establish a streamlined feedback process for effective communication. Incorporate Superflow's website feedback tool into your workflow to make annotations directly on your web apps.","How do you capture UAT feedback?","Traditional methods of gathering UAT feedback often involve cumbersome spreadsheets, ticketing systems, or Google Docs. If you're looking to speed up your UAT process, consider using Superflow to implement a straightforward feedback system","Nick Winter","CEO"," CodeCombat","Superflow is the fastest, easiest way to iterate on our apps.","The UX is easy, the tech is brilliant, the team is like lightning–it's everything I've wanted and tried to build into our websites myself for 15 years. Finally!","https://framerusercontent.com/images/7jH67QtCzKjvn3QMOh8jEXuiLQ.png","superflow review","Simon Smallchua","CEO"," Harvey","Commenting directly on websites has transformed how we design & build.","Superflow saves time clarifying feedback, resolving actions and assigning tasks for review. Our clients directly review sites in build and we can rapidly resolve in real time, conduct conversations in superflow or if necessary meet to discuss. ","https://framerusercontent.com/images/JLEIYf3PBtYWyQtiePHJAnxTi0.png","superflow reviews","Eric Lessman","Co-founder & CEO"," Bluecap","Simply click on the comment and immediately see the area in question.","Superflow has made it SO MUCH SIMPLER to coordinate on front-end design/content updates (for our internal teams and clients). Gone are the days of wasted time going back and forth on ensuring we know the specific area of the website being referenced. ","https://framerusercontent.com/images/rGEfLuSxqYC6PrM8GQ9vC3y4s.jpeg","superflow reviews","Ready to test & iterate web applications 10x faster?","45","40"
"client-feedback","Better feedback. Faster timelines. Happier clients.","Better feedback. Faster timelines. Happier clients.","Effectively collect and respond to client feedback for a flawless site launch.
","Effectively collect and respond to client feedback for a flawless site launch.
","index","https://framerusercontent.com/images/rtciXQ5xZdNhpYjOXGZ2EOqt0M.png","Client Feedback Preview Image","https://framerusercontent.com/images/UNCRtprsLN9z4mZ9Qgnr37lMg.svg","Improve client feedback with Superflow","resolve client feedback ","Client feedback","Coordinate better with clients","Project Manager","Web Designer","Web Developer","Superflow helps you understand client requirements effortlessly","Feeling overwhelmed by feedback and","losing track of your project's direction?","Scattered feedback leads to missing notes and losing track of details.","Waiting on client feedback emails delays design updates.","Feedback without context leads to extra revisions.","https://framerusercontent.com/images/9CsZ76dm7jqzYxIbUnoofVcpyc.png","problem 1","https://framerusercontent.com/images/boOsX4jGE34GVp1yzIgFzyop31U.png","problem 2","https://framerusercontent.com/images/ClL1cXOfAY6Jbi8n9M5Afowg4CM.png","Problem 3","Enhance designs with real-time feedback","left directly on the live website.","https://framerusercontent.com/images/jflNPkd8TGRVqQVHTx7NnfZUfY.png","solution 1","Straightforward Client Input","Allow clients to mark changes directly on the website for streamlined reviews.
","https://framerusercontent.com/images/foMEFBVIZDCYQ7JU4xBBJCbAv4.png","solution 2","Simplified Visual Feedback","Clients can visually express their feedback, so you can nail revisions on the first try.
","https://framerusercontent.com/images/TaREaXHrmo3i8kupB5vNXk9wP20.png","solution 3","Adaptable Feedback Across Devices","Gather feedback from any device, so your site looks fabulous no matter where you're looking.","Save 100 hours a month","gathering & resolving feedback from your client","false","How do you gather feedback from clients?","When your web project hits the client review stage, a solid feedback management system is a game-changer for smooth and efficient client interactions. Sure, you could stick with old-school methods like emails, screenshots, or instant messages, but let's be real—those can turn into a tangled mess that leaves everyone frustrated. Want a bulletproof way to keep things organized and your clients happy? Use web annotation tools like Superflow to make collecting and managing client feedback a breeze.","How do you track client feedback?","If you and your team are at the point where client feedback is coming in fast and furious, but you're losing track because it's all over the place, then it's high time to streamline. Don't let important comments slip through the cracks and frustrate your client. Superflow is your go-to solution for hassle-free feedback management. It lets your clients annotate directly on live websites or web apps, making it a cinch to track every piece of feedback.","How do you manage client feedback?","Let's face it, emails and messages just don't cut it when you're juggling a ton of client feedback, especially if you're talking about 100+ changes. That's a recipe for chaos. Superflow offers a one-stop dashboard where you can effortlessly track the status of open, in-progress, and resolved issues or bugs. Say goodbye to scattered communication!","Simon Smallchua","COO"," Harvey","Our clients directly review sites in build and we can rapidly resolve in real time.","Commenting directly on websites has transformed how we design and build. It saves time clarifying feedback, resolving actions and assigning tasks for review. One piece of feedback could've taken 5-15 minutes to discuss, clarify, and resolve in a meeting or document, now it's only a couple of minutes. ","https://framerusercontent.com/images/JLEIYf3PBtYWyQtiePHJAnxTi0.png","superflow reviews","Caleb","Digital Designer"," Calbie Creative","Brings all the comments from my clients into one place.","Superflow makes it so easy to annotate on a live website. It's an excellent way to keep things organized RIGHT within the actual ""thing"" everyone is working on, and is so much nicer than having to keep track of multiple incoming feedback channels. Recommended? Oh yeah.","https://framerusercontent.com/images/m76ozKX3KzFnaokydJwFXv6mf8U.png","superflow reviews","Riley Hennigh","Product Designer"," Headway.io","Makes it easy for us to collaborate with multiple stakeholders on client projects","Superflow makes it easy to get feedback quickly when designing and developing websites. Everybody has loved how easy it is to get started leaving comments. Superflow's ability to work flawlessly on mobile and just load directly on the existing site makes it really powerful.","https://framerusercontent.com/images/WKaKdg0zTsnLei9Qmuc5q8NfYFU.png","Riley profile photo","Ready to collect & resolve client feedback 10x faster?","45","40"
"conversion-optimization","Spark Growth With Better Conversations","Spark Growth With Better Conversations","Optimize your landing page conversion with a smarter feedback process.
","Optimize your landing page conversion with a smarter feedback process.
","index","https://framerusercontent.com/images/pCmSYQG2WzdujPiyD93jNN3gKE.png","Conversion Optimization Preview Image","https://framerusercontent.com/images/qlLAGwBNEypj84GBJpJBx6w1RNk.svg","conversion optimization with superflow","optimize for conversions ","Conversion optimization","Untangle your feedback process","Product Marketer","Web Designer","Web Developer","Superflow helps you optimize your website to boost conversion rate","Losing customers due","to unoptimized conversion?","Slow feedback loops make it hard to optimize landing pages.","Vague feedback leads to uncertain A/B testing results.","Not optimizing for all devices will lose users.","https://framerusercontent.com/images/1NyhRczRLVDHGFtIrOsrKXKm6ow.png","problem 1","https://framerusercontent.com/images/ClL1cXOfAY6Jbi8n9M5Afowg4CM.png","problem 2","https://framerusercontent.com/images/rWKq5dsDpveVkuifoSHC7nprtw.png","problem 3","Improve Pages with Quick Feedback","to Increase Conversions","https://framerusercontent.com/images/fgvbcCTLgwPpWL8aJlga00tCSk.png","solution 1","Direct Feedback for direct results","Enable quick, precise feedback from stakeholders directly on landing pages for faster optimization.","https://framerusercontent.com/images/ehrYT6veuiHSVDnVI3a3ko7q5I.png","solution 2","Bring clarity with visual feedback","Improve conversions with visual feedback tools that clarify user interactions.","https://framerusercontent.com/images/hGPDbouJ9Ju39khHDmtcpZ0nyUM.png","solution 3","Consistent Feedback Across Devices","Get useful insights with a feedback system that works on every device and screen size.
","Save 100 hours a month","creating & shipping high-converting landing pages","false","How do I gather feedback on my landing page?","Navigating the maze of emails, video calls, and screenshots for landing page feedback? There's a better way. Superflow offers a streamlined solution for capturing and managing feedback directly on your landing page. No more communication clutter or delays. With Superflow, you can accelerate your landing page optimization and get to market faster. It's the efficient, organized approach you've been searching for.","How do I mark up a live website?","Commenting on a live website or landing page is possible with web annotation tools such as Superflow. To mark up on live website with Superflow, all you need is to insert a single code snippet into your website's code, and voila! You've now got a powerful tool living right on your site. Superflow makes it easy to give and receive visual feedback, streamlining the process of landing page or website improvements.","What is the app that annotates websites?","A website feedback tool like Superflow can help you annotate on live websiites and web apps. Once you integrate Superflow into your website, it becomes your centralized hub for actionable feedback. Whether you're in the staging or production phase, this tool allows you and your team to leave detailed comments directly on the site. Plus, you can kick off live huddles for real-time collaboration. It's the streamlined solution content marketers and conversion rate specialists have been waiting for.","Simon Smallchua","CEO"," Harvey","Commenting directly on websites has transformed how we design & build.","Superflow saves time clarifying feedback, resolving actions and assigning tasks for review. Our clients directly review sites in build and we can rapidly resolve in real time, conduct conversations in superflow or if necessary meet to discuss. ","https://framerusercontent.com/images/JLEIYf3PBtYWyQtiePHJAnxTi0.png","superflow reviews","Manvi Agarwal","Head of Content"," Writesonic","It has empowered me to deliver high-quality results faster than ever.","Superflow has been my go-to solution, and I can confidently say that it has revolutionized the way I and my team work with Webflow. What truly sets Superflow apart is its ability to streamline collaboration and communication. This eliminates the need for lengthy email chains or confusing phone calls, saving valuable time and ensuring everyone is on the same page. ","https://framerusercontent.com/images/L1MaLphJ1RIWGvB7tn6A5FxgYc.jpg","superflow reviews","Eric Lessman","Co-founder & CEO"," Bluecap","Simply click on the comment and immediately see the area in question.","Superflow has made it SO MUCH SIMPLER to coordinate on front-end design/content updates (for our internal teams and clients). Gone are the days of wasted time going back and forth on ensuring we know the specific area of the website being referenced. ","https://framerusercontent.com/images/rGEfLuSxqYC6PrM8GQ9vC3y4s.jpeg","Eric profile photo","Ready to ship high converting landing pages 10x faster?","45","40"
"bug-reporting","Spot Bugs and Polish to Perfection","Spot Bugs and Polish to Perfection","Superflow makes bug reporting easy by combining task management and real-device testing","Superflow makes bug reporting easy by combining task management and real-device testing","index","https://framerusercontent.com/images/0fr4T2jVuIobNdY8Onoh2X1tOo.png","Bug Reporting Preview Image","https://framerusercontent.com/images/ByHLTDXwYE9bZveo70Gl6E6bgzg.svg","Bug reporting"," report bugs efficiently ","Reporting bug","Expedite bug fixes now","Project Manager","Bug Tester","Front-End Developer","Superflow helps you streamline bug reports for quick resolution","Struggling to keep","track of bugs?","Scattered bug reporting leads to details that are no longer relevant after updates","Bug tracking without context leads to vague reports without clear details","Inefficient task tracking will lead to missed priorities and updates","https://framerusercontent.com/images/1NyhRczRLVDHGFtIrOsrKXKm6ow.png","problem 1","https://framerusercontent.com/images/3AWHSwuBkSgITkomVAl7JdWYsE.png","problem 2","https://framerusercontent.com/images/xGDQLzKT4Ru6TgJ8Tr6HqngeQ.png","problem 3","Find and fix bugs","with precise feedback","https://framerusercontent.com/images/uxkFgBfgTUVilRbgPVh0DerEqk.png","Pinpoint Error Identification for bug reporting","Have bug reporting details where you can see them.","Users can comment on specific areas, elements, and device details so the right issues are always addressed.","https://framerusercontent.com/images/Ora5WseyniK1byOwFcwQme2jPcY.png","solution 2","Prioritize and Assign","Set priorities, statuses, and @mention users with ease.","https://framerusercontent.com/images/qfG0RBEdne5fMpX5Ij5WUB6O8Ss.png","solution 3","Connect with your favorite task management tools","Superflow easily integrates with Slack, Asana, or your preferred task management app
","Save 100 hours a month","tracking & resolving bugs on websites & web apps","false","What is bug tracking and reporting?","Bug tracking isn't just a task; it's a cornerstone of web project integrity. It's about pinpointing, monitoring, and archiving every glitch or 'bug' that could compromise your website or web app. Let's face it—without a robust bug tracking mechanism, even minor issues can escalate into major setbacks. That's where Superflow comes in. This isn't just another collaboration tool; it's your assurance that no bug, no matter how trivial, escapes your radar.","How do you do bug tracking?","Managing bugs can often feel like an endless cycle of firefighting. But it doesn't have to be that way. The key is to move from reactive chaos to proactive management. Forget the disorganized email threads and makeshift solutions. What you need is a specialized tool designed for the task like Superflow—a dedicated collaboration tool that transforms bug tracking from a game of whack-a-mole into a streamlined, manageable process","What is the best tool for bug tracking?","Selecting the right bug tracking tool isn't just about convenience; it's about maintaining the integrity of your codebase. Stop sifting through subpar solutions. Superflow isn't just another website feedback tool—it's a comprehensive platform that empowers you to prioritize and manage every bug that surfaces. All of this, neatly organized in a single dashboard. Simply put, Superflow sets the standard for bug tracking in web apps.","Nick Winter","CEO"," CodeCombat","Superflow is the fastest, easiest way to iterate on our apps.","The UX is easy, the tech is brilliant, the team is like lightning–it's everything I've wanted and tried to build into our websites myself for 15 years. Finally!","https://framerusercontent.com/images/7jH67QtCzKjvn3QMOh8jEXuiLQ.png","Superflow review","Simon Smallchua","CEO"," Harvey","Commenting directly on websites has transformed how we design & build.","Superflow saves time clarifying feedback, resolving actions and assigning tasks for review. Our clients directly review sites in build and we can rapidly resolve in real time, conduct conversations in superflow or if necessary meet to discuss. ","https://framerusercontent.com/images/JLEIYf3PBtYWyQtiePHJAnxTi0.png","Superflow reviews","Eric Lessman","Co-founder & CEO"," Bluecap","Simply click on the comment and immediately see the area in question.","Superflow has made it SO MUCH SIMPLER to coordinate on front-end design/content updates (for our internal teams and clients). Gone are the days of wasted time going back and forth on ensuring we know the specific area of the website being referenced. ","https://framerusercontent.com/images/rGEfLuSxqYC6PrM8GQ9vC3y4s.jpeg","Superflow reviews","Ready to track and manage bugs 10x faster?","45","40"
"ux-ui-optimization","Optimize UX and Transform UI","Optimize UX and Transform UI","Supercharge your UI/UX improvements with clear, on-page feedback that enhances user experience and design.","Supercharge your UI/UX improvements with clear, on-page feedback that enhances user experience and design.","index","https://framerusercontent.com/images/YICmaEBsDPaKr4qiOYkdcLpH0.png","UX & UI Optimization Preview Image","https://framerusercontent.com/images/EyogG1jg4xIhjlv6HjyDKALc.svg","Optimize UI/UX improvements","UX/UI optimization better","UX/UI Optimization","Enhance UX/UI optimization","Product Manager","Product Designer","Web Developer","Superflow helps you optimize your website to boost conversion rate","Wasting time reviewing","hundreds of pages?","Losing time documenting feedback across pages?","Setting up meetings to explain changes can be time consuming","Feedback scattered across Slack, emails, and documents is a major headache","https://framerusercontent.com/images/boOsX4jGE34GVp1yzIgFzyop31U.png","problem 1","https://framerusercontent.com/images/1NyhRczRLVDHGFtIrOsrKXKm6ow.png","problem 2","https://framerusercontent.com/images/Gl5JWl8HbVLaDgdP2Wz6Diy3N8.png","problem 3","Improve your site with focused, ","on-page feedback","https://framerusercontent.com/images/fgvbcCTLgwPpWL8aJlga00tCSk.png","solution 1","Leave Feedback on Live Websites","Provide exact feedback on specific spots for quick improvements.","https://framerusercontent.com/images/KMuBLs9KcmkWWiYl6w2NYzetTk.png","solution 2","Leave Consistent Feedback Across Devices","Make every screen beautiful by leaving feedback that works on all devices and browsers","https://framerusercontent.com/images/5bSLFgEKCocn7LFtbyuElHcg.png","centralized communication with Superflow","Bring Superflow into your Workflow","Easily connect Slack, Asana, Clickup or your favorite collaboration tool","Save 100 hours a month","communicating & resolving UI/UX feedback","false","How do I take feedback on UX?","When it comes to UX feedback, traditional channels like email and instant messaging just don't cut it. Why? Because UX is inherently visual and experiential, and these outdated methods can quickly turn your feedback process into a chaotic mess. The solution? Superflow—A game-changer that allows you and your team to directly annotate designs for crystal-clear feedback. Stop settling for disorganized communication and elevate your UX feedback process with Superflow.","How do I ask for feedback on UI design?","Collecting UI feedback is a mission—a critical process that demands precision and efficiency. Traditional methods like emails and instant messages is a recipe for chaos. If you're still clinging to these outdated approaches, it's time for an upgrade. Superflow is not just another web annotation tool, but your ultimate solution for structured, clear, and actionable UI-UX  feedback.","Which is the best UI/UX feedback tool?","Feedback on live websites and web apps is no longer a luxury—it's a necessity. And not just any feedback, but actionable insights that can be implemented during both staging and production. That's where Superflow comes in. It's the best website feedback tool out there that integrates seamlessly into your website. Once onboard, you're not just commenting—you're collaborating. Engage in rich dialogues, initiate live huddles, and bring your team—and even your clients—into the loop.","Simon Smallchua","COO"," Harvey","Commenting directly on websites has transformed how we design & build.","Superflow saves time clarifying feedback, resolving actions and assigning tasks for review. Our clients directly review sites in build and we can rapidly resolve in real time, conduct conversations in superflow or if necessary meet to discuss. ","https://framerusercontent.com/images/JLEIYf3PBtYWyQtiePHJAnxTi0.png","Superflow review","Eric Lessman","Co-founder & CEO"," Bluecap","Superflow made coordinating on front-end design/content updates simpler.","Gone are the days of wasted time going back and forth on ensuring we know the specific area of the website being referenced. With Superflow we can simply click on the comment and immediately see the area in question.","https://framerusercontent.com/images/rGEfLuSxqYC6PrM8GQ9vC3y4s.jpeg","Superflow review","Caleb","Digital Designer"," Calbie Creative","It's so much nicer NOT having to keep track of multiple feedback channels.","Superflow makes it so easy to annotate on a live website and bring all the comments from my clients into one place. It's an excellent way to keep things organized RIGHT within the actual ""thing"" everyone is working on. Recommended? Oh yeah.","https://framerusercontent.com/images/m76ozKX3KzFnaokydJwFXv6mf8U.png","Superflow review","Ready to enhance user interface & experience 10x faster?","45","40"